ID,firstName,lastName,score
2af7a225-c38f-4558-a229-217e84bb8b10,Karolina,Lissemore,132
aa1320bc-5f7b-495c-b6f9-2a08d2855ee4,Kayla,Trowsdall,445
eabb3495-f23f-4347-a68d-14b8190889dd,Christyna,Edgeworth,359
da64fb07-bfab-4ff1-9f78-8765a3e51da7,Briana,Kun,200
e715eade-42ed-41cc-b01f-56bbbeab6325,Adara,Verdon,88
1bc1fc18-d945-484e-8659-3f60e2e12126,Billie,Newe,299
8fffd984-b337-4fa5-90b3-a9ee98226aa3,Tamera,Keighly,265
952f5c68-c297-4cb5-a461-641a0e91ed08,Nikolaos,Matteini,343
a44ecaac-5d26-49ce-89e7-6024c52e57b4,Bil,Fuidge,10
c32aec82-5501-4235-8a58-e138bcb750a2,Johnnie,Holdren,337
16f0e4b2-eca7-4cb2-bf80-dc116753c2c8,Jolene,Routhorn,448
032eeb68-fb00-4441-84d9-1e573bd42297,Pavlov,Strick,139
ef30fb8f-5ee8-4f0c-ac80-bcb830561e2a,May,Gerriessen,349
2c0e8ea1-bec9-4f71-a0e6-a3f6511f7d39,Kahaleel,Reinhart,238
d5b9a580-11df-4a35-b4bc-006e314a304a,Atalanta,Sultan,450
de937aba-4e7a-439e-b6af-46ceafc1f218,Ophelie,Bucky,87
62f0bc8d-ae11-4baf-bd18-c17521d2ab19,Tad,Reymers,328
58a8a2e3-15ab-4ff0-bd4e-ad9c266920ff,Tracie,Hanton,206
5af15adc-9d75-4189-8629-cf317c2fd378,Claus,Stathor,228
59ba0bc6-e61e-4323-be69-622d489e706c,Dill,World,80
5b3c18c2-f5f8-4fb5-acc6-a0e2451e6c30,Brandea,Townes,319
32ae155a-f420-4b25-a826-cab37fc26aff,Darelle,Jancar,25
f6b0ecfd-0253-436a-bc75-e17ad5929868,Heida,Kennermann,208
198f8b23-f25d-470f-ab14-da88f041cd5e,Helenelizabeth,Heustice,416
7dd4a571-fe1e-4de2-a4bc-7a0851bd2ce4,Philip,Arckoll,348
998ada91-573a-40ff-902d-f21df88fe062,Rhett,Wroath,3
18505cb1-025e-4984-836e-210a94c47924,Mandel,Brugemann,263
9fb28328-b280-48bd-8645-2b468c641d4c,Shem,Wahncke,55
7d91785f-dc5d-4490-8d99-31e7d0def234,Packston,Rubinsaft,337
5f4bf896-dcfb-4e5a-8d81-bc20d9c0e6a7,Quintin,Petzold,336
fab12234-6c21-4326-a745-c4f26d78cded,Welsh,Munkton,359
089ca49a-a869-4109-ad63-c8e693343079,Ray,MacGregor,202
5e5df44b-858c-4422-a454-b5e9e74faa69,Marsh,Nielson,280
c74d28b4-b810-4bb6-9f04-019f6a21fafd,Bartolomeo,Moffet,104
5399e0f2-7f9b-42b5-8426-874578c4bcd0,Tracy,MacLaverty,220
129e0aca-f851-45b6-9eb1-4926a2d4fc1d,Mahmoud,Nollet,58
faee1072-f239-4f70-8a5d-49c96ea6fb53,Joya,Cadlock,275
7541f388-c31a-4c7a-8aa0-80a363fd7b5f,Oliver,Martineau,70
c3608f47-ead1-4a73-8f54-1b34a6f724b8,Clarence,Swigg,41
6b4ee5b8-4796-414f-8a02-edac677335a6,Virginie,Sigge,107
21cf994a-fce6-4730-aa63-253885f6d143,Arabele,Dullard,265
bfdc40a5-6a2b-40d8-ad32-6facc6aa464a,Margarete,Hargie,70
db0bf4a6-39a0-4e52-aae5-bd8f3eec3a45,Angelia,Muff,355
503a8e26-6611-4332-a27b-18fdb1b4ee1e,Kai,Coldham,202
86941d3d-484a-4ebc-b706-adf8655d647a,Mortie,Pickworth,125
afa92dd7-9b6f-41dd-a7e0-5e46d55dcad0,Harlen,Hevner,155
15e2bfb4-5b48-41d2-9591-ddc046541589,Muffin,Jarmain,199
0f0e749b-af06-4073-9cbc-5041433476b3,Kort,Hoggan,293
6de6344b-ae8f-4aef-8ccc-0275543c26a8,Perri,Glentworth,463
66786736-113d-4c45-ae53-313206db85c4,Honor,Chitter,140
09943909-ca45-4d10-8e6b-4da8848caf12,Edan,Chue,380
f937d0fb-ca29-4759-add7-aba4845c4c5a,Rea,Heminsley,347
4977a243-b2a0-4884-9c7a-6e6c46acbce3,Aleksandr,Treneman,362
b9c8a25f-510a-43c2-9655-56380eef7219,Jaynell,Nardi,170
fbb67945-2b6c-4d8d-b6a4-082614ec64bf,Blanche,Winfindine,5
076adff8-02b6-49a7-b727-91c4d2a09324,Roxie,Furmonger,266
8590bfcd-57a2-4db7-aabb-d2a497ab2a56,Adler,Eastmead,394
e617df50-49b0-4782-9873-a5ae0a5fc345,Vic,Shemmans,91
737c245f-b67d-4109-9a3b-406c294dc193,Bowie,Bottby,251
e12db2f1-65bd-48d9-9ec2-d2317ff7a087,Sarine,Simeone,335
4ccd344b-2d7e-4d40-a8c9-543157681d6c,Roderick,Barnardo,41
bc6b9268-c79a-411b-8fd1-e7dc138a3632,Willi,Duignan,477
ebe80f5d-6e1a-4d9f-bb5e-b1ef77349953,Dasha,Stratiff,103
26b425aa-68e0-4b83-bc15-68db3e451af6,Axel,Strathman,158
b05cbc65-b800-4f9d-9680-9689b3a92104,Claudian,Bullin,282
5b8a14e0-aea8-4bb1-926f-b7247e23fc4c,Early,Harrowell,110
89c26188-018c-4b3a-84c7-c424567f9cd7,Bennett,Divina,91
c7feab18-82e4-4a29-bfe8-42442260882c,Reidar,Bris,496
4b52a7be-7178-454c-b402-f5920549fb82,Phil,Bridat,456
cb520204-2be2-470a-8b26-0d096fde3b8f,Everett,Gaitskell,373
39bb2e11-982e-4d30-b6ed-e7a4a258e03d,Dara,Guerner,418
41856c9d-a5a1-4638-b610-f665772cad8f,Leonanie,Pinwell,257
0f2c87d1-e42d-4152-b9de-4f1f2588f730,Milicent,Stouther,210
d7d03261-8c87-4316-bf19-a11d724f6b40,Sisely,Line,44
25d88729-b9b6-403a-b727-96b33597b9d2,Griselda,Bruins,72
e9b57b19-4a04-462c-808f-4a74623f8800,Vernon,Coombes,396
adfee1e0-f8ec-402b-884c-480043fdfe72,Ellene,Ellingsworth,290
82bf47a2-3e5e-4bda-ba76-896c8fcc62e2,Sondra,Whitby,140
d0abfbc9-f15e-4f1a-83b7-3f23ae4154c4,Antonius,Bardey,125
92878f52-046a-4e4c-ba37-9ae4144dc89a,Korrie,Madsen,341
33a0f5d8-9dc1-4f99-b4e5-8c9f6e2cf6a8,Atlanta,Fuster,97
2da18bdd-2754-4e7b-a35f-52675c2c7d19,Nonah,Norsister,49
1790361b-6c05-4623-ba5b-a77c92446ecc,Gino,Kewzick,336
0ad10f0d-96c8-4857-8e18-d93902a712b5,Chicky,Jeannaud,298
e49a59df-552a-469b-b7f7-616d7ddd15e6,Ashlen,Chadwin,58
432d6c5c-17d5-4def-8940-7777a6c3aa26,Lazaro,Dymock,28
4798813f-6922-4e97-a59b-2a6e948ca612,Latrina,Heakins,118
a66709f7-e1a0-4628-8242-7fa370f202cb,Babette,Glidder,326
31f7cb27-fc89-4495-b0ca-2664052cffa3,Daria,Scruby,461
d907732d-b41d-4477-833b-795c0c80cd71,Rosanne,Brumhead,456
1e1a1206-587b-44c9-9088-97de7455faee,Conn,McMeekan,389
d0658285-a772-4c06-90fe-4c7137ce7cd0,Frieda,Peddie,187
db6f27c6-4c67-44c7-889d-f13d3b6a0579,Auberta,Puddin,90
ef99a2f3-84b5-4014-ac8c-ce6fb0d29b2a,Sheelagh,Dohr,343
1ccf33a8-0542-48ae-802f-7adf504528b7,Gerry,Duddan,434
1f0e18f0-f9d2-4c0c-a649-7ad2f674dbdc,Erina,Drayn,239
d8404f07-3ed6-4c77-93c3-5bce44434b28,Keven,Kelcey,483
86a9022e-53c7-4874-aff3-66659119e2a7,Loreen,Dillintone,165
3f290665-25a4-484c-9f78-4202ffcebed1,Agosto,Alenichev,470
0a7dc97b-ea6c-4f64-9f17-d40494df4ff5,Prent,D'Alwis,376